first_name,last_name,email
Srashta,Maharjan,smaharjan@vassar.edu
Jason,Lee,lyuchong@vassar.edu
Sadichchha,Maharjan,msadichchcha@gmail.com
Amir,Maharjan,safeamir@gmail.com
Sushila,Maharjan,sushilasafe@gmail.com
Walter,Mwaniki,wmwaniki@vassar.edu
Sonia,Gollerkeri,sgollerkeri@vassar.edu
Lila,Meade,limeade@vassar.edu
